{
  "sys_info": [
    4,
    4,
    4,
    4,
    0.0005,
    112,
    128,
    4194304,
    64,
    128
  ],
  "T_ambient": 318.15000000000003,
  "blocks": [
    "mtxu_0",
    "mtxu_1",
    "mtxu_2",
    "mtxu_3",
    "mtxu_4",
    "mtxu_5",
    "mtxu_6",
    "mtxu_7",
    "mtxu_8",
    "mtxu_9",
    "mtxu_10",
    "mtxu_11"
  ],
  "R_diagonal_mean": 0.16999999999997328,
  "R_offdiag_mean": 0.1551388888888532,
  "R_max_offdiag": 2.169999999999959,
  "R_frobenius": 2.9314160400731564,
  "R_1norm": 3.689999999999486,
  "R_infnorm": 5.239999999999611,
  "lambda_max": 2.0680872426195904,
  "lambda_min": -0.01901246886735573
}