{
  "current_status": "CERTIFIED_SAFE",
  "lower_d": 322.8075740757427,
  "upper_d": 334.6327484999995,
  "no_measurement_needed": true
}